HLA,peptide,Label,Length,mhc
HLA-A*01:01,LFGRDL,1,8,YFAMYQENMAHTDANTLYIIYRDYTWVARVYRGY
HLA-A*01:01,TDKKTHL,1,8,YFAMYQENMAHTDANTLYIIYRDYTWVARVYRGY
HLA-A*01:01,RSDTPLIY,1,8,YFAMYQENMAHTDANTLYIIYRDYTWVARVYRGY
HLA-A*01:01,NSDLVQKY,1,8,YFAMYQENMAHTDANTLYIIYRDYTWVARVYRGY
HLA-A*01:01,LSDLLDWK,1,8,YFAMYQENMAHTDANTLYIIYRDYTWVARVYRGY
HLA-A*01:01,LLQNDGFF,1,8,YFAMYQENMAHTDANTLYIIYRDYTWVARVYRGY
HLA-A*01:01,DSDMQTLV,1,8,YFAMYQENMAHTDANTLYIIYRDYTWVARVYRGY
HLA-A*01:01,TDYHVRVY,1,8,YFAMYQENMAHTDANTLYIIYRDYTWVARVYRGY
HLA-A*01:01,VLDSEGYL,1,8,YFAMYQENMAHTDANTLYIIYRDYTWVARVYRGY
HLA-A*01:01,SDFHNNRY,1,8,YFAMYQENMAHTDANTLYIIYRDYTWVARVYRGY
HLA-A*01:01,DKSMVDKY,1,8,YFAMYQENMAHTDANTLYIIYRDYTWVARVYRGY
HLA-A*01:01,YTDYLTVM,1,8,YFAMYQENMAHTDANTLYIIYRDYTWVARVYRGY
HLA-A*01:01,DFAERHGY,1,8,YFAMYQENMAHTDANTLYIIYRDYTWVARVYRGY
HLA-A*01:01,VLDIPSKY,1,8,YFAMYQENMAHTDANTLYIIYRDYTWVARVYRGY
HLA-A*01:01,TDLTREVY,1,8,YFAMYQENMAHTDANTLYIIYRDYTWVARVYRGY
HLA-A*01:01,YTDPEVFK,1,8,YFAMYQENMAHTDANTLYIIYRDYTWVARVYRGY
HLA-A*01:01,SDIHDFEY,1,8,YFAMYQENMAHTDANTLYIIYRDYTWVARVYRGY
HLA-A*01:01,RDWAHNSL,1,8,YFAMYQENMAHTDANTLYIIYRDYTWVARVYRGY
HLA-A*01:01,FTSMTRLY,1,8,YFAMYQENMAHTDANTLYIIYRDYTWVARVYRGY
HLA-A*01:01,SDSKIQKY,1,8,YFAMYQENMAHTDANTLYIIYRDYTWVARVYRGY
HLA-A*01:01,LTDTFTAY,1,8,YFAMYQENMAHTDANTLYIIYRDYTWVARVYRGY
HLA-A*01:01,FPGNYSGY,1,8,YFAMYQENMAHTDANTLYIIYRDYTWVARVYRGY
HLA-A*01:01,FSDVMEDL,1,8,YFAMYQENMAHTDANTLYIIYRDYTWVARVYRGY
HLA-A*01:01,FLESTFLK,1,8,YFAMYQENMAHTDANTLYIIYRDYTWVARVYRGY
HLA-A*01:01,YIDEQFER,1,8,YFAMYQENMAHTDANTLYIIYRDYTWVARVYRGY
HLA-A*01:01,TDLTRDIY,1,8,YFAMYQENMAHTDANTLYIIYRDYTWVARVYRGY
HLA-A*01:01,DPNSTQRY,1,8,YFAMYQENMAHTDANTLYIIYRDYTWVARVYRGY
HLA-A*01:01,TPDIKSHY,1,8,YFAMYQENMAHTDANTLYIIYRDYTWVARVYRGY
HLA-A*01:01,PEVQKKKY,1,8,YFAMYQENMAHTDANTLYIIYRDYTWVARVYRGY
HLA-A*01:01,LVDLPEYY,1,8,YFAMYQENMAHTDANTLYIIYRDYTWVARVYRGY
HLA-A*01:01,LTELPDWS,1,8,YFAMYQENMAHTDANTLYIIYRDYTWVARVYRGY
HLA-A*01:01,LLDSSLEY,1,8,YFAMYQENMAHTDANTLYIIYRDYTWVARVYRGY
HLA-A*01:01,VTDTGALY,1,8,YFAMYQENMAHTDANTLYIIYRDYTWVARVYRGY
HLA-A*01:01,IVDHIHFQ,1,8,YFAMYQENMAHTDANTLYIIYRDYTWVARVYRGY
HLA-A*01:01,ELHNQKGY,1,8,YFAMYQENMAHTDANTLYIIYRDYTWVARVYRGY
HLA-A*01:01,FTEIGIHL,1,8,YFAMYQENMAHTDANTLYIIYRDYTWVARVYRGY
HLA-A*01:01,LVDEWLDS,1,8,YFAMYQENMAHTDANTLYIIYRDYTWVARVYRGY
HLA-A*01:01,FTDKAASY,1,8,YFAMYQENMAHTDANTLYIIYRDYTWVARVYRGY
HLA-A*01:01,YLDQISRY,1,8,YFAMYQENMAHTDANTLYIIYRDYTWVARVYRGY
HLA-A*01:01,VEKKIDKY,1,8,YFAMYQENMAHTDANTLYIIYRDYTWVARVYRGY
HLA-A*01:01,LVDYQMYD,1,8,YFAMYQENMAHTDANTLYIIYRDYTWVARVYRGY
HLA-A*01:01,FMDHVLRY,1,8,YFAMYQENMAHTDANTLYIIYRDYTWVARVYRGY
HLA-A*01:01,TDRDIDRY,1,8,YFAMYQENMAHTDANTLYIIYRDYTWVARVYRGY
HLA-A*01:01,TDPEVFKY,1,8,YFAMYQENMAHTDANTLYIIYRDYTWVARVYRGY
HLA-A*01:01,YTDATSKY,1,8,YFAMYQENMAHTDANTLYIIYRDYTWVARVYRGY
HLA-A*01:01,STDENFRY,1,8,YFAMYQENMAHTDANTLYIIYRDYTWVARVYRGY
HLA-A*01:01,FVDKPVAY,1,8,YFAMYQENMAHTDANTLYIIYRDYTWVARVYRGY
HLA-A*01:01,MIDVTKSY,1,8,YFAMYQENMAHTDANTLYIIYRDYTWVARVYRGY
HLA-A*02:01,QPPHPHNFN,0,9,YFAMYGEKVAHTHVDTLYVRYHYYTWAVLAYTWY
HLA-A*02:01,ATQTVEQIL,0,9,YFAMYGEKVAHTHVDTLYVRYHYYTWAVLAYTWY
HLA-A*02:01,DGPRLQGDL,0,9,YFAMYGEKVAHTHVDTLYVRYHYYTWAVLAYTWY
HLA-A*02:01,NANSHHDRL,0,9,YFAMYGEKVAHTHVDTLYVRYHYYTWAVLAYTWY
HLA-A*02:01,TKLPPTDHR,0,9,YFAMYGEKVAHTHVDTLYVRYHYYTWAVLAYTWY
HLA-A*02:02,GGLGHMNIA,0,9,YFAMYGEKVAHTHVDTLYLRYHYYTWAVWAYTWY
HLA-A*02:02,SVRRILCAD,0,9,YFAMYGEKVAHTHVDTLYLRYHYYTWAVWAYTWY
HLA-A*02:02,DPFASLKKV,0,9,YFAMYGEKVAHTHVDTLYLRYHYYTWAVWAYTWY
HLA-A*02:02,GEDTYPYQG,0,9,YFAMYGEKVAHTHVDTLYLRYHYYTWAVWAYTWY
HLA-A*02:02,EAEQYFSTL,0,9,YFAMYGEKVAHTHVDTLYLRYHYYTWAVWAYTWY
HLA-A*02:02,DCEKAFFKM,0,9,YFAMYGEKVAHTHVDTLYLRYHYYTWAVWAYTWY
HLA-A*02:02,SPPRRNFSP,0,9,YFAMYGEKVAHTHVDTLYLRYHYYTWAVWAYTWY
HLA-A*02:02,HTVYYGGFH,0,9,YFAMYGEKVAHTHVDTLYLRYHYYTWAVWAYTWY
HLA-A*02:02,VDKTKSVVT,0,9,YFAMYGEKVAHTHVDTLYLRYHYYTWAVWAYTWY
HLA-A*02:02,TPEVNQTTL,0,9,YFAMYGEKVAHTHVDTLYLRYHYYTWAVWAYTWY
HLA-A*02:02,GSEIDCADK,0,9,YFAMYGEKVAHTHVDTLYLRYHYYTWAVWAYTWY
HLA-A*02:02,APPQIDNGI,0,9,YFAMYGEKVAHTHVDTLYLRYHYYTWAVWAYTWY
HLA-A*02:02,ETVRKLQAR,0,9,YFAMYGEKVAHTHVDTLYLRYHYYTWAVWAYTWY
HLA-A*02:02,LGIPDAVSY,0,9,YFAMYGEKVAHTHVDTLYLRYHYYTWAVWAYTWY
HLA-A*02:02,GKCEVLEVS,0,9,YFAMYGEKVAHTHVDTLYLRYHYYTWAVWAYTWY
HLA-A*02:02,GYQTIDDYY,0,9,YFAMYGEKVAHTHVDTLYLRYHYYTWAVWAYTWY
HLA-A*02:02,TIEKHKQNS,0,9,YFAMYGEKVAHTHVDTLYLRYHYYTWAVWAYTWY
HLA-A*02:02,FSGNVKVDE,0,9,YFAMYGEKVAHTHVDTLYLRYHYYTWAVWAYTWY
HLA-A*02:02,SARSPSSLS,0,9,YFAMYGEKVAHTHVDTLYLRYHYYTWAVWAYTWY
HLA-A*02:02,IEVLCENFP,0,9,YFAMYGEKVAHTHVDTLYLRYHYYTWAVWAYTWY
HLA-A*02:02,WPDPPDLPT,0,9,YFAMYGEKVAHTHVDTLYLRYHYYTWAVWAYTWY
HLA-A*02:02,DALEFIGKK,0,9,YFAMYGEKVAHTHVDTLYLRYHYYTWAVWAYTWY
HLA-A*02:02,NVDQILKWI,0,9,YFAMYGEKVAHTHVDTLYLRYHYYTWAVWAYTWY
HLA-A*02:02,HHAHSDAQG,0,9,YFAMYGEKVAHTHVDTLYLRYHYYTWAVWAYTWY
HLA-A*02:02,CEEEINSTF,0,9,YFAMYGEKVAHTHVDTLYLRYHYYTWAVWAYTWY
HLA-A*02:02,PQAQPHQVQ,0,9,YFAMYGEKVAHTHVDTLYLRYHYYTWAVWAYTWY
HLA-A*02:02,EDRESPSVK,0,9,YFAMYGEKVAHTHVDTLYLRYHYYTWAVWAYTWY
HLA-A*02:02,GTPPLSTET,0,9,YFAMYGEKVAHTHVDTLYLRYHYYTWAVWAYTWY
HLA-A*02:02,RRLMFCYIS,0,9,YFAMYGEKVAHTHVDTLYLRYHYYTWAVWAYTWY
HLA-A*02:02,IGNIKTVQI,0,9,YFAMYGEKVAHTHVDTLYLRYHYYTWAVWAYTWY
HLA-A*02:02,FVSQVESDT,0,9,YFAMYGEKVAHTHVDTLYLRYHYYTWAVWAYTWY
HLA-A*02:02,LHQLIKQTQ,0,9,YFAMYGEKVAHTHVDTLYLRYHYYTWAVWAYTWY
HLA-A*02:02,SNPFEIFFG,0,9,YFAMYGEKVAHTHVDTLYLRYHYYTWAVWAYTWY
HLA-A*02:02,YAPYPSPVL,0,9,YFAMYGEKVAHTHVDTLYLRYHYYTWAVWAYTWY
HLA-A*02:02,RPVTTTKRE,0,9,YFAMYGEKVAHTHVDTLYLRYHYYTWAVWAYTWY
HLA-A*02:02,ASDDGSWWD,0,9,YFAMYGEKVAHTHVDTLYLRYHYYTWAVWAYTWY
HLA-A*02:02,ENPPVEDSS,0,9,YFAMYGEKVAHTHVDTLYLRYHYYTWAVWAYTWY
HLA-A*02:02,TSCNSGTYR,0,9,YFAMYGEKVAHTHVDTLYLRYHYYTWAVWAYTWY
HLA-A*02:02,VTANVVDPG,0,9,YFAMYGEKVAHTHVDTLYLRYHYYTWAVWAYTWY
HLA-A*02:02,KLRKKLKTA,0,9,YFAMYGEKVAHTHVDTLYLRYHYYTWAVWAYTWY
HLA-A*02:02,PPKKSKDKL,0,9,YFAMYGEKVAHTHVDTLYLRYHYYTWAVWAYTWY
HLA-A*02:02,LLAASEAPR,0,9,YFAMYGEKVAHTHVDTLYLRYHYYTWAVWAYTWY
HLA-A*02:02,QWSEKVTEE,0,9,YFAMYGEKVAHTHVDTLYLRYHYYTWAVWAYTWY